contig_name,length,prop_gc,orf_length,in_bridges,p_good,p_bases_covered,p_seq_true,score,p_not_segmented,eff_length,eff_count,tpm,coverage,sCnuc,sCcov,sCord,sCseg
TRINITY_DN146_c0_g1_i1,378,0.410053,125,0,1.0,0.917989,0.996429,0.905013,0.989397,378,4.0,2665.41,1.07,0.996429,0.917989,1.0,0.989397
TRINITY_DN117_c0_g1_i1,205,0.492683,67,0,1.0,1.0,0.985714,0.938937,0.952545,205,2.0,2457.38,0.99,0.985714,1.0,1.0,0.952545
TRINITY_DN122_c0_g1_i1,307,0.433225,58,0,1.0,0.609121,1,0.603343,0.990515,307,1.77526,1456.53,0.58,1,0.609121,1.0,0.990515
TRINITY_DN109_c0_g1_i1,391,0.439898,121,0,1.0,0.57289,0.992857,0.566229,0.995484,391,2.01786,1299.9,0.52,0.992857,0.57289,1.0,0.995484
TRINITY_DN138_c0_g1_i1,277,0.566787,77,0,1.0,1.0,0.996429,0.964769,0.968227,277,4.0,3637.27,1.46,0.996429,1.0,1.0,0.968227
TRINITY_DN123_c0_g1_i1,827,0.489722,155,0,1.0,1.0,0.984694,0.940186,0.9548,827,43.0,13096.6,5.25,0.984694,1.0,1.0,0.9548
TRINITY_DN102_c0_g1_i1,430,0.402326,65,0,0.928571,0.944186,0.977778,0.765968,0.893506,430,15.2443,8929.68,3.58,0.977778,0.944186,0.928571,0.893506
TRINITY_DN137_c0_g1_i1,379,0.37467,55,0,1.0,1.0,0.994286,0.979085,0.984712,379,5.47264,3637.08,1.46,0.994286,1.0,1.0,0.984712
TRINITY_DN113_c0_g1_i1,331,0.450151,17,0,1.0,1.0,0.996429,0.829106,0.832077,331,4.0,3043.88,1.22,0.996429,1.0,1.0,0.832077
TRINITY_DN131_c0_g1_i1,336,0.410714,111,0,1.0,1.0,1,0.932423,0.932423,336,5.3799,4033.02,1.62,1,1.0,1.0,0.932423
TRINITY_DN101_c0_g1_i1,904,0.625,149,0,0.947368,1.0,0.997683,0.916983,0.970174,904,20.0889,5597.36,2.24,0.997683,1.0,0.947368,0.970174
TRINITY_DN114_c0_g1_i1,349,0.475645,116,0,1.0,1.0,1,0.948143,0.948143,349,4.0,2886.89,1.16,1,1.0,1.0,0.948143
TRINITY_DN185_c0_g1_i1,323,0.405573,76,0,1.0,0.835913,0.996429,0.819635,0.98404,323,4.0,3119.27,1.25,0.996429,0.835913,1.0,0.98404
TRINITY_DN153_c0_g1_i1,234,0.504274,46,0,1.0,1.0,1,0.980319,0.980319,234,3.0,3229.25,1.29,1,1.0,1.0,0.980319
TRINITY_DN173_c0_g1_i1,222,0.486486,74,0,0.75,1.0,0.995918,0.712203,0.953496,222,4.0,4538.4,1.82,0.995918,1.0,0.75,0.953496
TRINITY_DN118_c0_g1_i1,333,0.444444,79,0,1.0,0.900901,1,0.892513,0.990689,333,3.67948,2783.16,1.12,1,0.900901,1.0,0.990689
TRINITY_DN165_c0_g1_i1,285,0.491228,94,0,1.0,1.0,0.995238,0.976033,0.980703,285,3.0,2651.38,1.06,0.995238,1.0,1.0,0.980703
TRINITY_DN180_c0_g1_i1,327,0.379205,25,0,1.0,0.972477,0.995238,0.957559,0.989371,327,2.92946,2256.5,0.9,0.995238,0.972477,1.0,0.989371
TRINITY_DN166_c0_g1_i1,211,0.559242,70,0,1.0,1.0,1,0.932738,0.932738,211,3.0,3581.25,1.44,1,1.0,1.0,0.932738
TRINITY_DN125_c0_g1_i1,744,0.52957,191,1,0.961538,0.951613,0.997759,0.777455,0.851574,744,30.7771,10419.6,4.18,0.997759,0.951613,0.961538,0.851574
TRINITY_DN192_c0_g1_i1,724,0.628453,149,0,1.0,0.707182,1,0.698965,0.98838,724,7.91111,2752.29,1.1,1,0.707182,1.0,0.98838
TRINITY_DN135_c0_g1_i1,857,0.549592,283,0,1.0,1.0,0.998469,0.939539,0.94098,857,29.2637,8600.9,3.45,0.998469,1.0,1.0,0.94098
TRINITY_DN112_c0_g1_i1,374,0.438503,34,0,1.0,1.0,1,0.968888,0.968888,374,6.0,4040.87,1.62,1,1.0,1.0,0.968888
TRINITY_DN193_c0_g1_i1,236,0.508475,76,0,0,0.0,1,0.01,0.997424,236,0.0,0.0,0.0,1,0.0,0,0.997424
TRINITY_DN195_c0_g1_i1,426,0.49061,141,0,1.0,0.607981,1,0.602908,0.991656,426,0.489259,289.284,0.12,1,0.607981,1.0,0.991656
TRINITY_DN184_c0_g1_i1,627,0.539075,208,0,0,0.253589,1,0.01,0.997314,627,0.0,0.0,0.0,1,0.253589,0,0.997314
TRINITY_DN128_c0_g1_i1,246,0.50813,81,0,1.0,1.0,1,0.986985,0.986985,246,2.36781,2424.42,0.97,1,1.0,1.0,0.986985
TRINITY_DN188_c0_g1_i1,976,0.476434,220,0,0,0.0,1,0.01,0.997424,976,0.033417,8.62398,0.0,1,0.0,0,0.997424
TRINITY_DN120_c0_g1_i1,296,0.456081,44,0,1.0,1.0,1,0.994049,0.994049,296,2.58641,2200.9,0.88,1,1.0,1.0,0.994049
TRINITY_DN111_c0_g1_i1,237,0.345992,42,0,1.0,1.0,1,0.952312,0.952312,237,3.0,3188.37,1.28,1,1.0,1.0,0.952312
TRINITY_DN140_c0_g1_i1,207,0.676329,68,0,0,0.0,1,0.01,0.997424,207,0.0,0.0,0.0,1,0.0,0,0.997424
TRINITY_DN142_c0_g1_i1,210,0.490476,69,0,0.333333,0.995238,0.857143,0.281665,0.990545,210,3.0,3598.3,1.44,0.857143,0.995238,0.333333,0.990545
TRINITY_DN178_c0_g1_i1,296,0.614865,98,0,0,0.567568,1,0.01,0.997055,296,2.5,2127.37,0.85,1,0.567568,0,0.997055
TRINITY_DN186_c0_g1_i1,326,0.444785,45,0,0,0.527607,1,0.01,0.997191,326,3.08048,2380.11,0.95,1,0.527607,0,0.997191
TRINITY_DN150_c0_g1_i1,353,0.427762,117,0,1.0,0.705382,0.990476,0.692362,0.990979,353,3.22474,2300.99,0.92,0.990476,0.705382,1.0,0.990979
TRINITY_DN134_c0_g1_i1,585,0.483761,194,0,1.0,1.0,0.997143,0.97055,0.973331,585,7.13483,3072.01,1.23,0.997143,1.0,1.0,0.973331
TRINITY_DN172_c0_g1_i1,281,0.580071,93,0,0.8,1.0,0.955556,0.746199,0.976132,281,5.0,4481.87,1.8,0.955556,1.0,0.8,0.976132
TRINITY_DN149_c0_g1_i1,299,0.394649,99,0,0.666667,0.866221,1,0.562887,0.974729,299,3.64654,3071.89,1.23,1,0.866221,0.666667,0.974729
TRINITY_DN156_c0_g1_i1,225,0.604444,74,0,1.0,1.0,0.990476,0.961903,0.971152,225,3.0,3358.42,1.35,0.990476,1.0,1.0,0.971152
TRINITY_DN164_c0_g1_i1,516,0.437984,124,0,1.0,0.790698,0.992857,0.779891,0.993429,516,7.81818,3816.38,1.53,0.992857,0.790698,1.0,0.993429
TRINITY_DN151_c0_g1_i1,308,0.506494,87,0,0,0.545455,1,0.01,0.997194,308,0.0,0.0,0.0,1,0.545455,0,0.997194
TRINITY_DN158_c0_g1_i1,301,0.51495,91,0,0.5,1.0,1,0.494654,0.989308,301,4.0,3347.26,1.34,1,1.0,0.5,0.989308
TRINITY_DN187_c0_g1_i1,220,0.436364,55,0,1.0,1.0,1,0.941947,0.941947,220,3.0,3434.74,1.38,1,1.0,1.0,0.941947
TRINITY_DN157_c0_g1_i1,228,0.434211,76,0,1.0,1.0,1,0.8648,0.8648,228,3.0,3314.23,1.33,1,1.0,1.0,0.8648
TRINITY_DN183_c0_g1_i1,235,0.459574,44,0,0,0.787234,1,0.01,0.997314,235,0.0,0.0,0.0,1,0.787234,0,0.997314
TRINITY_DN141_c0_g1_i1,267,0.441948,89,0,1.0,1.0,1,0.759614,0.759614,267,3.0,2830.13,1.13,1,1.0,1.0,0.759614
TRINITY_DN194_c0_g1_i1,759,0.496706,76,0,1.0,1.0,0.996825,0.988064,0.991211,759,10.7117,3554.77,1.43,0.996825,1.0,1.0,0.991211
TRINITY_DN171_c0_g1_i1,229,0.401747,29,0,1.0,1.0,0.994286,0.981329,0.986969,229,2.44765,2692.21,1.08,0.994286,1.0,1.0,0.986969
TRINITY_DN182_c0_g1_i1,1525,0.506885,55,0,0,0.120656,0.985714,0.01,0.997424,1525,0.352607,58.2393,0.02,0.985714,0.120656,0,0.997424
TRINITY_DN126_c0_g1_i1,278,0.485612,92,0,1.0,1.0,0.997619,0.558472,0.559805,278,6.2394,5653.19,2.27,0.997619,1.0,1.0,0.559805
TRINITY_DN167_c0_g1_i1,213,0.446009,70,0,0,0.821596,1,0.01,0.997062,213,1.0,1182.54,0.47,1,0.821596,0,0.997062
TRINITY_DN121_c0_g1_i1,416,0.387019,41,0,0.833333,1.0,0.992208,0.814092,0.984582,416,6.0,3632.9,1.46,0.992208,1.0,0.833333,0.984582
TRINITY_DN190_c0_g1_i1,1535,0.505537,55,0,0.994536,1.0,0.991281,0.903969,0.916931,1535,185.566,30449.8,12.21,0.991281,1.0,0.994536,0.916931
TRINITY_DN199_c0_g1_i1,499,0.496994,79,0,0.857143,1.0,1,0.80506,0.939237,499,7.56061,3816.38,1.53,1,1.0,0.857143,0.939237
TRINITY_DN136_c0_g1_i1,232,0.551724,76,0,0,0.762931,1,0.01,0.997194,232,0.0,0.0,0.0,1,0.762931,0,0.997194
TRINITY_DN168_c0_g1_i1,231,0.467532,34,0,0.666667,1.0,1,0.624691,0.937036,231,3.0,3271.18,1.31,1,1.0,0.666667,0.937036
TRINITY_DN119_c0_g1_i1,816,0.400735,206,0,1.0,0.971814,1,0.945569,0.972994,816,11.2117,3460.8,1.39,1,0.971814,1.0,0.972994
TRINITY_DN148_c0_g1_i1,254,0.464567,84,0,1.0,1.0,0.985714,0.979678,0.993877,254,2.0,1983.32,0.8,0.985714,1.0,1.0,0.993877
TRINITY_DN198_c0_g1_i1,290,0.475862,44,0,1.0,1.0,0.945238,0.886581,0.937945,290,7.0,6079.89,2.44,0.945238,1.0,1.0,0.937945
TRINITY_DN104_c0_g1_i1,817,0.550796,218,0,1.0,1.0,0.998095,0.884097,0.885784,817,25.2229,7776.21,3.12,0.998095,1.0,1.0,0.885784
TRINITY_DN177_c0_g1_i1,1466,0.484311,364,0,1.0,1.0,0.985934,0.921984,0.935138,1466,67.9666,11677.7,4.68,0.985934,1.0,1.0,0.935138
TRINITY_DN129_c0_g1_i1,307,0.469055,101,0,0,0.566775,0.971429,0.01,0.997193,307,0.967213,793.559,0.32,0.971429,0.566775,0,0.997193
TRINITY_DN115_c0_g1_i1,235,0.46383,46,0,1.0,0.702128,1,0.696441,0.991901,235,1.43939,1542.79,0.62,1,0.702128,1.0,0.991901
TRINITY_DN170_c0_g1_i1,373,0.463807,123,0,0.8,1.0,1,0.79316,0.99145,373,5.0,3376.42,1.35,1,1.0,0.8,0.99145
TRINITY_DN179_c0_g1_i1,393,0.516539,130,0,1.0,0.717557,0.995238,0.709768,0.993877,393,0.0,0.0,0.0,0.995238,0.717557,1.0,0.993877
TRINITY_DN133_c0_g1_i1,241,0.481328,79,0,0.666667,1.0,0.994286,0.645475,0.973776,241,3.0,3135.45,1.26,0.994286,1.0,0.666667,0.973776
TRINITY_DN110_c0_g1_i1,617,0.526742,205,0,0.9,1.0,0.989474,0.877711,0.985609,617,13.0,5307.06,2.13,0.989474,1.0,0.9,0.985609
TRINITY_DN169_c0_g1_i1,205,0.414634,63,0,1.0,1.0,1,0.974331,0.974331,205,3.0,3686.07,1.48,1,1.0,1.0,0.974331
TRINITY_DN103_c0_g1_i1,421,0.486936,23,0,0.8,0.997625,1,0.791737,0.992028,421,5.55235,3321.93,1.33,1,0.997625,0.8,0.992028
TRINITY_DN163_c0_g1_i1,201,0.636816,66,0,1.0,1.0,0.9875,0.887601,0.898836,201,8.0,10025.1,4.02,0.9875,1.0,1.0,0.898836
TRINITY_DN145_c0_g1_i1,240,0.533333,79,0,0.4,1.0,0.873469,0.257648,0.737426,240,5.0,5247.52,2.1,0.873469,1.0,0.4,0.737426
TRINITY_DN106_c0_g1_i1,319,0.482759,44,0,1.0,0.717868,0.992857,0.709161,0.994978,319,4.22751,3338.02,1.34,0.992857,0.717868,1.0,0.994978
TRINITY_DN143_c0_g1_i1,243,0.415638,80,0,0.666667,1.0,1,0.660699,0.991048,243,3.0,3109.64,1.25,1,1.0,0.666667,0.991048
TRINITY_DN155_c0_g1_i1,275,0.410909,91,0,1.0,0.774545,1,0.769803,0.993877,275,2.59238,2374.44,0.95,1,0.774545,1.0,0.993877
TRINITY_DN108_c0_g1_i1,240,0.55,80,0,1.0,1.0,0.951429,0.920489,0.96748,240,5.0,5247.52,2.1,0.951429,1.0,1.0,0.96748
TRINITY_DN189_c0_g1_i1,441,0.435374,69,0,1.0,1.0,0.992857,0.974837,0.98185,441,7.90847,4517.0,1.81,0.992857,1.0,1.0,0.98185
TRINITY_DN116_c0_g1_i1,615,0.471545,195,0,0.909091,1.0,0.998639,0.893644,0.984348,615,10.9821,4497.88,1.8,0.998639,1.0,0.909091,0.984348
TRINITY_DN107_c0_g1_i1,232,0.482759,77,0,1.0,1.0,0.957143,0.855737,0.894053,232,3.0,3257.08,1.31,0.957143,1.0,1.0,0.894053
TRINITY_DN321_c0_g1_i1,387,0.439276,98,0,1.0,1.0,0.994286,0.972492,0.978081,387,5.0,3254.28,1.3,0.994286,1.0,1.0,0.978081
TRINITY_DN349_c0_g1_i1,201,0.452736,66,0,1.0,1.0,1,0.972445,0.972445,201,2.0,2506.28,1.0,1,1.0,1.0,0.972445
TRINITY_DN317_c0_g1_i1,245,0.42449,36,1,0.666667,1.0,1,0.621329,0.931993,245,2.4412,2509.77,1.01,1,1.0,0.666667,0.931993
TRINITY_DN326_c0_g1_i1,221,0.547511,73,0,0.75,1.0,1,0.697778,0.930371,221,4.0,4558.93,1.83,1,1.0,0.75,0.930371
TRINITY_DN316_c0_g1_i1,374,0.411765,95,0,1.0,1.0,0.967347,0.917138,0.948096,374,7.0,4714.35,1.89,0.967347,1.0,1.0,0.948096
TRINITY_DN330_c0_g1_i1,233,0.407725,77,0,0,0.0,1,0.01,0.997424,233,0.0,0.0,0.0,1,0.0,0,0.997424
TRINITY_DN327_c0_g1_i1,380,0.434211,105,0,1.0,1.0,0.997143,0.861215,0.863683,380,5.0,3314.23,1.33,0.997143,1.0,1.0,0.863683
TRINITY_DN311_c0_g1_i1,321,0.579439,80,0,1.0,0.959502,0.903571,0.832448,0.960172,321,3.39614,2664.87,1.07,0.903571,0.959502,1.0,0.960172
TRINITY_DN338_c0_g1_i1,303,0.458746,100,0,1.0,0.689769,1,0.684841,0.992856,303,2.0,1662.58,0.67,1,0.689769,1.0,0.992856
TRINITY_DN346_c0_g1_i1,367,0.569482,56,0,1.0,1.0,0.997143,0.969081,0.971858,367,5.0,3431.62,1.38,0.997143,1.0,1.0,0.971858
TRINITY_DN304_c0_g1_i1,557,0.536804,106,0,1.0,0.780969,0.991429,0.765901,0.989184,557,5.66244,2560.62,1.03,0.991429,0.780969,1.0,0.989184
TRINITY_DN319_c0_g1_i1,347,0.461095,99,0,1.0,0.827089,1,0.821162,0.992833,347,3.32052,2410.3,0.97,1,0.827089,1.0,0.992833
TRINITY_DN306_c0_g1_i1,824,0.506068,274,0,1.0,0.76335,0.993651,0.747254,0.98517,824,12.3911,3787.73,1.52,0.993651,0.76335,1.0,0.98517
TRINITY_DN331_c0_g1_i1,266,0.390977,45,0,0,0.0,1,0.01,0.997424,266,0.0,0.0,0.0,1,0.0,0,0.997424
TRINITY_DN312_c0_g1_i1,435,0.482759,144,0,0,0.358621,1,0.01,0.997194,435,0.0,0.0,0.0,1,0.358621,0,0.997194
TRINITY_DN343_c0_g1_i1,344,0.334302,38,0,0.6,1.0,0.985714,0.582149,0.98431,344,5.0,3661.06,1.47,0.985714,1.0,0.6,0.98431
TRINITY_DN353_c0_g1_i1,287,0.491289,95,0,0.75,1.0,0.991837,0.705067,0.947826,287,4.0,3510.54,1.41,0.991837,1.0,0.75,0.947826
TRINITY_DN332_c0_g1_i1,203,0.35468,67,0,0.5,0.714286,1,0.332975,0.932329,203,1.35346,1679.36,0.67,1,0.714286,0.5,0.932329
TRINITY_DN356_c0_g1_i1,229,0.558952,75,0,1.0,1.0,0.995238,0.981845,0.986543,229,3.0,3299.75,1.32,0.995238,1.0,1.0,0.986543
TRINITY_DN314_c0_g1_i1,295,0.372881,36,0,1.0,0.79322,1,0.789638,0.995484,295,2.13558,1823.43,0.73,1,0.79322,1.0,0.995484
TRINITY_DN301_c0_g1_i1,308,0.451299,102,0,1.0,0.902597,1,0.876218,0.970774,308,3.48345,2848.75,1.14,1,0.902597,1.0,0.970774
TRINITY_DN344_c0_g1_i1,251,0.478088,83,0,0.5,1.0,0.990476,0.475289,0.959719,251,4.0,4014.04,1.61,0.990476,1.0,0.5,0.959719
TRINITY_DN323_c0_g1_i1,277,0.487365,91,0,1.0,1.0,0.988571,0.931185,0.941951,277,5.0,4546.59,1.82,0.988571,1.0,1.0,0.941951
TRINITY_DN309_c0_g1_i1,448,0.424107,138,0,1.0,0.957589,0.99898,0.912799,0.954199,448,11.7895,6628.45,2.66,0.99898,0.957589,1.0,0.954199
TRINITY_DN340_c0_g1_i1,239,0.443515,79,0,1.0,1.0,1,0.935431,0.935431,239,3.0,3161.69,1.27,1,1.0,1.0,0.935431
TRINITY_DN307_c0_g1_i1,229,0.532751,76,0,1.0,0.995633,1,0.948448,0.952608,229,1.60741,1768.02,0.71,1,0.995633,1.0,0.952608
TRINITY_DN313_c0_g1_i1,305,0.436066,42,0,1.0,1.0,0.985714,0.952896,0.966706,305,5.0,4129.2,1.66,0.985714,1.0,1.0,0.966706
TRINITY_DN351_c0_g1_i1,472,0.415254,41,0,1.0,0.951271,0.993878,0.915556,0.968384,472,8.0,4269.17,1.71,0.993878,0.951271,1.0,0.968384
TRINITY_DN310_c0_g1_i1,364,0.53022,106,0,0.666667,1.0,0.982857,0.651414,0.994164,364,5.39259,3731.57,1.5,0.982857,1.0,0.666667,0.994164
TRINITY_DN300_c0_g1_i1,231,0.601732,77,0,1.0,0.922078,1,0.91492,0.992237,231,2.49039,2715.5,1.09,1,0.922078,1.0,0.992237
TRINITY_DN333_c0_g1_i1,231,0.354978,40,0,0.75,1.0,0.991837,0.465929,0.626351,231,4.0,4361.58,1.75,0.991837,1.0,0.75,0.626351
TRINITY_DN315_c0_g1_i1,384,0.429688,41,0,0,0.263021,1,0.01,0.997424,384,0.0,0.0,0.0,1,0.263021,0,0.997424
TRINITY_DN336_c0_g1_i1,430,0.416279,51,0,0.833333,1.0,0.98961,0.808764,0.980706,430,6.0,3514.62,1.41,0.98961,1.0,0.833333,0.980706
TRINITY_DN334_c0_g1_i1,224,0.352679,42,0,0.666667,1.0,1,0.646333,0.969499,224,3.0,3373.41,1.35,1,1.0,0.666667,0.969499
TRINITY_DN322_c0_g1_i1,497,0.513078,165,0,1.0,0.93159,0.997619,0.918904,0.988737,497,5.59341,2834.76,1.14,0.997619,0.93159,1.0,0.988737
TRINITY_DN347_c0_g1_i1,264,0.496212,88,0,1.0,1.0,1,0.686767,0.686767,264,5.0,4770.48,1.91,1,1.0,1.0,0.686767
TRINITY_DN308_c0_g1_i1,226,0.318584,39,0,1.0,1.0,1,0.826184,0.826184,226,3.0,3343.55,1.34,1,1.0,1.0,0.826184
TRINITY_DN345_c0_g1_i1,240,0.420833,79,0,1.0,0.720833,0.985714,0.691785,0.973611,240,2.0,2099.01,0.84,0.985714,0.720833,1.0,0.973611
TRINITY_DN305_c0_g1_i1,622,0.432476,191,0,1.0,0.991961,0.993878,0.976647,0.990626,622,8.0,3239.63,1.3,0.993878,0.991961,1.0,0.990626
TRINITY_DN354_c0_g1_i1,248,0.487903,82,0,0,0.0,1,0.01,0.997424,248,0.0,0.0,0.0,1,0.0,0,0.997424
TRINITY_DN324_c0_g1_i1,345,0.684058,115,0,1.0,1.0,1,0.950684,0.950684,345,4.93887,3605.82,1.45,1,1.0,1.0,0.950684
TRINITY_DN339_c0_g1_i1,217,0.428571,72,0,1.0,0.824885,0.978571,0.798677,0.989431,217,1.40762,1633.89,0.66,0.978571,0.824885,1.0,0.989431
TRINITY_DN318_c0_g1_i1,371,0.490566,93,0,1.0,1.0,0.997959,0.957649,0.959608,371,4.91952,3339.99,1.34,0.997959,1.0,1.0,0.959608
TRINITY_DN337_c0_g1_i1,236,0.381356,78,0,1.0,0.618644,1,0.614885,0.993924,236,3.0,3201.88,1.28,1,0.618644,1.0,0.993924
TRINITY_DN284_c0_g1_i1,289,0.474048,69,0,0,0.0,1,0.01,0.997424,289,0.0,0.0,0.0,1,0.0,0,0.997424
TRINITY_DN210_c0_g1_i1,284,0.556338,53,0,0.8,0.866197,0.920635,0.61774,0.968304,284,5.60386,4970.09,1.99,0.920635,0.866197,0.8,0.968304
TRINITY_DN231_c0_g1_i1,241,0.427386,78,0,0.666667,1.0,0.994286,0.65121,0.982429,241,3.0,3135.45,1.26,0.994286,1.0,0.666667,0.982429
TRINITY_DN274_c0_g1_i1,344,0.593023,114,0,0.833333,1.0,0.997403,0.800941,0.963632,344,6.0,4393.28,1.76,0.997403,1.0,0.833333,0.963632
TRINITY_DN209_c0_g1_i1,221,0.484163,73,0,1.0,0.986425,1,0.964625,0.9779,221,2.66933,3042.32,1.22,1,0.986425,1.0,0.9779
TRINITY_DN278_c0_g1_i1,249,0.445783,81,0,0,0.630522,1,0.01,0.996913,249,1.846,1867.36,0.75,1,0.630522,0,0.996913
TRINITY_DN250_c0_g1_i1,231,0.398268,64,0,1.0,1.0,1,0.990847,0.990847,231,3.0,3271.18,1.31,1,1.0,1.0,0.990847
TRINITY_DN211_c0_g1_i1,1117,0.504029,372,0,1.0,0.991047,0.994048,0.920175,0.934047,1117,36.4062,8209.52,3.29,0.994048,0.991047,1.0,0.934047
TRINITY_DN248_c0_g1_i1,278,0.388489,71,0,1.0,1.0,1,0.965967,0.965967,278,4.0,3624.19,1.45,1,1.0,1.0,0.965967
TRINITY_DN207_c0_g1_i1,332,0.457831,45,0,1.0,0.98494,0.982143,0.954678,0.986899,332,4.41359,3348.49,1.34,0.982143,0.98494,1.0,0.986899
TRINITY_DN259_c0_g1_i1,310,0.570968,75,0,0,0.567742,0.985714,0.01,0.997194,310,0.0,0.0,0.0,0.985714,0.567742,0,0.997194
TRINITY_DN204_c0_g1_i1,400,0.405,133,0,0.8,0.99,1,0.781361,0.986567,400,4.70588,2963.31,1.19,1,0.99,0.8,0.986567
TRINITY_DN276_c0_g1_i1,430,0.465116,97,0,0,0.0,1,0.01,0.997424,430,0.0,0.0,0.0,1,0.0,0,0.997424
TRINITY_DN201_c0_g1_i1,348,0.557471,115,0,0,0.0,1,0.01,0.997424,348,0.0,0.0,0.0,1,0.0,0,0.997424
TRINITY_DN287_c0_g1_i1,259,0.436293,86,0,0.666667,1.0,0.966667,0.626687,0.972445,259,3.0,2917.54,1.17,0.966667,1.0,0.666667,0.972445
TRINITY_DN291_c0_g1_i1,562,0.412811,186,0,0.9,0.955516,0.998496,0.827506,0.963706,562,9.52199,4267.63,1.71,0.998496,0.955516,0.9,0.963706
TRINITY_DN271_c0_g1_i1,272,0.393382,41,0,1.0,0.981618,1,0.915428,0.932571,272,4.0,3704.13,1.49,1,0.981618,1.0,0.932571
TRINITY_DN208_c0_g1_i1,287,0.703833,94,0,1.0,1.0,0.985714,0.841245,0.853437,287,6.0,5265.81,2.11,0.985714,1.0,1.0,0.853437
TRINITY_DN241_c0_g1_i1,359,0.45961,119,0,1.0,0.771588,0.995238,0.7588,0.988132,359,3.99841,2805.36,1.12,0.995238,0.771588,1.0,0.988132
TRINITY_DN252_c0_g1_i1,206,0.524272,68,0,0,0.0,1,0.01,0.997424,206,0.0,0.0,0.0,1,0.0,0,0.997424
TRINITY_DN236_c0_g1_i1,424,0.509434,64,0,1.0,0.839623,0.991209,0.560963,0.674039,424,5.93007,3522.81,1.41,0.991209,0.839623,1.0,0.674039
TRINITY_DN254_c0_g1_i1,249,0.425703,30,0,1.0,0.955823,1,0.901597,0.943267,249,3.37895,3418.04,1.37,1,0.955823,1.0,0.943267
TRINITY_DN295_c0_g1_i1,439,0.448747,81,0,1.0,1.0,0.989286,0.97959,0.990199,439,4.62105,2651.38,1.06,0.989286,1.0,1.0,0.990199
TRINITY_DN219_c0_g1_i1,273,0.47619,61,0,1.0,1.0,0.992857,0.97944,0.986486,273,4.0,3690.57,1.48,0.992857,1.0,1.0,0.986486
TRINITY_DN215_c0_g1_i1,768,0.489583,85,0,1.0,1.0,0.997143,0.937127,0.939812,768,20.0,6559.4,2.63,0.997143,1.0,1.0,0.939812
TRINITY_DN229_c0_g1_i1,265,0.445283,65,0,1.0,1.0,0.995238,0.932568,0.93703,265,3.0,2851.48,1.14,0.995238,1.0,1.0,0.93703
TRINITY_DN258_c0_g1_i1,213,0.41784,70,0,1.0,0.962441,1,0.934915,0.971399,213,2.154,2547.19,1.02,1,0.962441,1.0,0.971399
TRINITY_DN283_c0_g1_i1,249,0.437751,83,0,0.5,1.0,1,0.46822,0.936439,249,4.0,4046.28,1.62,1,1.0,0.5,0.936439
TRINITY_DN298_c0_g1_i1,760,0.472368,100,0,0.928571,1.0,0.968254,0.885422,0.984795,760,11.7725,3901.67,1.56,0.968254,1.0,0.928571,0.984795
TRINITY_DN279_c0_g1_i1,708,0.521186,169,0,0,0.0,1,0.01,0.997424,708,0.009995,3.55581,0.0,1,0.0,0,0.997424
TRINITY_DN226_c0_g1_i1,230,0.447826,76,0,0.666667,1.0,1,0.647831,0.971747,230,3.0,3285.41,1.32,1,1.0,0.666667,0.971747
TRINITY_DN273_c0_g1_i1,224,0.549107,74,0,1.0,0.973214,1,0.956988,0.983327,224,2.50961,2821.98,1.13,1,0.973214,1.0,0.983327
TRINITY_DN246_c0_g1_i1,450,0.444444,124,0,1.0,0.833333,1,0.824296,0.989155,450,5.18182,2900.45,1.16,1,0.833333,1.0,0.989155
TRINITY_DN200_c0_g1_i1,829,0.55006,276,0,1.0,0.589867,0.995238,0.585409,0.997191,829,1.7363,527.553,0.21,0.995238,0.589867,1.0,0.997191
TRINITY_DN206_c0_g1_i1,396,0.512626,82,0,1.0,1.0,0.997959,0.950452,0.952396,396,7.0,4452.44,1.79,0.997959,1.0,1.0,0.952396
TRINITY_DN290_c0_g1_i1,450,0.382222,65,0,1.0,0.913333,0.997143,0.905437,0.994195,450,4.26632,2388.01,0.96,0.997143,0.913333,1.0,0.994195
TRINITY_DN275_c0_g1_i1,410,0.426829,57,0,1.0,1.0,0.995918,0.803482,0.806775,410,5.09153,3127.95,1.25,0.995918,1.0,1.0,0.806775
TRINITY_DN282_c0_g1_i1,568,0.424296,29,0,0.857143,1.0,0.96044,0.809943,0.983855,568,7.07054,3135.45,1.26,0.96044,1.0,0.857143,0.983855
TRINITY_DN263_c0_g1_i1,288,0.517361,95,0,0,0.0,1,0.01,0.997424,288,0.0,0.0,0.0,1,0.0,0,0.997424
TRINITY_DN214_c0_g1_i1,430,0.495349,123,0,1.0,0.64186,0.995238,0.635128,0.994245,430,0.0,0.0,0.0,0.995238,0.64186,1.0,0.994245
TRINITY_DN268_c0_g1_i1,201,0.61194,67,0,0.666667,1.0,1,0.653535,0.980302,201,3.0,3759.42,1.51,1,1.0,0.666667,0.980302
TRINITY_DN292_c0_g1_i1,601,0.381032,62,0,1.0,0.996672,0.998901,0.944937,0.949135,601,11.7557,4926.84,1.98,0.998901,0.996672,1.0,0.949135
TRINITY_DN257_c0_g1_i1,226,0.597345,75,0,0.666667,1.0,0.994286,0.644086,0.971681,226,3.0,3343.55,1.34,0.994286,1.0,0.666667,0.971681
TRINITY_DN216_c0_g1_i1,477,0.404612,158,0,1.0,1.0,1,0.98036,0.98036,477,7.0,3696.37,1.48,1,1.0,1.0,0.98036
TRINITY_DN221_c0_g1_i1,281,0.487544,64,0,0,0.0,1,0.01,0.997424,281,0.597293,535.398,0.21,1,0.0,0,0.997424
TRINITY_DN224_c0_g1_i1,292,0.476027,70,0,1.0,1.0,1,0.950009,0.950009,292,5.0,4313.03,1.73,1,1.0,1.0,0.950009
TRINITY_DN213_c0_g1_i1,433,0.524249,144,0,1.0,1.0,0.988889,0.816182,0.825352,433,10.0,5817.12,2.33,0.988889,1.0,1.0,0.825352
TRINITY_DN269_c0_g1_i1,248,0.370968,70,0,0.25,1.0,1,0.245518,0.98207,248,4.0,4062.6,1.63,1,1.0,0.25,0.98207
TRINITY_DN202_c0_g1_i1,292,0.510274,97,0,1.0,1.0,1,0.636532,0.636532,292,4.0,3450.43,1.38,1,1.0,1.0,0.636532
TRINITY_DN280_c0_g1_i1,235,0.489362,47,0,0,0.753191,0.957143,0.01,0.997194,235,1.33962,1435.85,0.58,0.957143,0.753191,0,0.997194
TRINITY_DN277_c0_g1_i1,583,0.557461,75,0,1.0,1.0,0.991837,0.981975,0.990057,583,8.0,3456.34,1.39,0.991837,1.0,1.0,0.990057
TRINITY_DN217_c0_g1_i1,354,0.437853,117,0,0.833333,1.0,1,0.804313,0.965175,354,7.0,4980.7,2.0,1,1.0,0.833333,0.965175
TRINITY_DN260_c0_g1_i1,232,0.547414,77,0,0.666667,1.0,0.982857,0.641095,0.978415,232,3.0,3257.08,1.31,0.982857,1.0,0.666667,0.978415
TRINITY_DN220_c0_g1_i1,234,0.504274,77,0,0.666667,1.0,0.994286,0.645293,0.973502,234,3.0,3229.25,1.29,0.994286,1.0,0.666667,0.973502
TRINITY_DN289_c0_g1_i1,670,0.486567,95,0,0,0.0,1,0.01,0.997424,670,0.000781,0.293478,0.0,1,0.0,0,0.997424
TRINITY_DN225_c0_g1_i1,466,0.474249,155,0,0.875,1.0,1,0.83507,0.954366,466,9.0,4864.66,1.95,1,1.0,0.875,0.954366
TRINITY_DN222_c0_g1_i1,205,0.492683,67,0,0,0.0,1,0.01,0.997424,205,2.0,2457.38,0.99,1,0.0,0,0.997424
TRINITY_DN281_c0_g1_i1,331,0.380665,43,0,0,0.0,1,0.01,0.997424,331,7.0e-06,0.005461,0.0,1,0.0,0,0.997424
TRINITY_DN223_c0_g1_i1,346,0.447977,72,0,1.0,1.0,1,0.852702,0.852702,346,5.76667,4198.02,1.68,1,1.0,1.0,0.852702
TRINITY_DN256_c0_g1_i1,225,0.462222,75,0,0.666667,1.0,0.994286,0.644503,0.97231,225,3.0,3358.42,1.35,0.994286,1.0,0.666667,0.97231
TRINITY_DN272_c0_g1_i1,260,0.446154,86,0,1.0,0.95,0.961905,0.874357,0.956826,260,1.64518,1593.81,0.64,0.961905,0.95,1.0,0.956826
TRINITY_DN249_c0_g1_i1,232,0.50431,77,0,0.5,1.0,1,0.489149,0.978297,232,4.0,4342.78,1.74,1,1.0,0.5,0.978297
TRINITY_DN296_c0_g1_i1,295,0.450847,98,0,1.0,0.752542,0.995238,0.692311,0.924364,295,3.0,2561.5,1.03,0.995238,0.752542,1.0,0.924364
TRINITY_DN234_c0_g1_i1,872,0.557339,290,0,1.0,1.0,0.979094,0.928438,0.948262,872,22.0,6354.8,2.55,0.979094,1.0,1.0,0.948262
TRINITY_DN235_c0_g1_i1,403,0.459057,134,0,1.0,0.709677,1,0.658214,0.927484,403,5.35482,3346.84,1.34,1,0.709677,1.0,0.927484
TRINITY_DN299_c0_g1_i1,429,0.594406,143,0,1.0,0.97669,0.982143,0.949753,0.9901,429,4.0,2348.54,0.94,0.982143,0.97669,1.0,0.9901
TRINITY_DN247_c0_g1_i1,516,0.544574,172,0,1.0,0.967054,1,0.962409,0.995196,516,3.47406,1695.84,0.68,1,0.967054,1.0,0.995196
TRINITY_DN244_c0_g1_i1,251,0.533865,83,0,1.0,1.0,0.989286,0.241344,0.243958,251,4.0,4014.04,1.61,0.989286,1.0,1.0,0.243958
TRINITY_DN253_c0_g1_i1,293,0.566553,97,0,0,0.0,1,0.01,0.997424,293,0.0,0.0,0.0,1,0.0,0,0.997424
TRINITY_DN227_c0_g1_i1,231,0.415584,77,0,0.666667,1.0,1,0.530321,0.795482,231,3.0,3271.18,1.31,1,1.0,0.666667,0.795482
TRINITY_DN228_c0_g1_i1,597,0.61139,66,0,1.0,1.0,0.989796,0.979287,0.989383,597,8.91045,3759.42,1.51,0.989796,1.0,1.0,0.989383
TRINITY_DN288_c0_g1_i1,274,0.467153,91,0,0.4,1.0,0.987755,0.391442,0.990736,274,5.0,4596.37,1.84,0.987755,1.0,0.4,0.990736
TRINITY_DN266_c0_g1_i1,205,0.482927,34,0,1.0,1.0,1,0.958949,0.958949,205,3.0,3686.07,1.48,1,1.0,1.0,0.958949
TRINITY_DN203_c0_g1_i1,234,0.461538,69,0,1.0,0.863248,0.985714,0.844837,0.992856,234,2.56364,2759.55,1.11,0.985714,0.863248,1.0,0.992856
TRINITY_DN212_c0_g1_i1,296,0.614865,98,0,1.0,0.996622,1,0.93587,0.939042,296,2.5,2127.37,0.85,1,0.996622,1.0,0.939042
TRINITY_DN297_c0_g1_i1,323,0.405573,76,0,1.0,1.0,0.996429,0.967156,0.970622,323,4.0,3119.27,1.25,0.996429,1.0,1.0,0.970622
TRINITY_DN286_c0_g1_i1,635,0.537008,211,0,0.882353,1.0,0.997321,0.844518,0.959691,635,18.0,7139.94,2.86,0.997321,1.0,0.882353,0.959691
TRINITY_DN285_c0_g1_i1,409,0.391198,120,0,0,0.383863,1,0.01,0.997191,409,0.0,0.0,0.0,1,0.383863,0,0.997191
TRINITY_DN242_c0_g1_i1,237,0.396624,64,0,1.0,1.0,0.990476,0.96232,0.971573,237,3.0,3188.37,1.28,0.990476,1.0,1.0,0.971573
TRINITY_DN233_c0_g1_i1,483,0.52381,77,0,1.0,1.0,0.992857,0.945282,0.952083,483,8.60231,4486.05,1.8,0.992857,1.0,1.0,0.952083
TRINITY_DN262_c0_g1_i1,531,0.549906,110,0,1.0,0.996234,0.991071,0.967386,0.979792,531,7.33756,3480.59,1.4,0.991071,0.996234,1.0,0.979792
TRINITY_DN240_c0_g1_i1,410,0.414634,136,0,1.0,0.592683,1,0.590466,0.99626,410,4.21053,2586.71,1.04,1,0.592683,1.0,0.99626
TRINITY_DN57_c0_g1_i1,280,0.485714,93,0,0,0.0,1,0.01,0.997424,280,1.49786,1347.44,0.54,1,0.0,0,0.997424
TRINITY_DN32_c0_g1_i1,241,0.360996,36,0,1.0,1.0,0.995238,0.978862,0.983546,241,2.86442,2993.75,1.2,0.995238,1.0,1.0,0.983546
TRINITY_DN0_c0_g1_i1,394,0.459391,66,0,1.0,0.715736,0.989286,0.44368,0.626607,394,6.60579,4223.03,1.69,0.989286,0.715736,1.0,0.626607
TRINITY_DN92_c0_g1_i1,262,0.381679,87,0,1.0,1.0,1,0.973277,0.973277,262,3.0,2884.14,1.16,1,1.0,1.0,0.973277
TRINITY_DN21_c0_g1_i1,538,0.418216,140,0,1.0,0.964684,1,0.953561,0.98847,538,6.00159,2809.83,1.13,1,0.964684,1.0,0.98847
TRINITY_DN51_c0_g1_i1,223,0.506726,64,0,0,0.70852,1,0.01,0.996914,223,1.33067,1503.01,0.6,1,0.70852,0,0.996914
TRINITY_DN2_c0_g1_i1,242,0.367769,30,0,1.0,1.0,0.952381,0.938039,0.984941,242,1.96213,2042.25,0.82,0.952381,1.0,1.0,0.984941
TRINITY_DN26_c0_g1_i1,595,0.423529,198,0,1.0,0.784874,0.995918,0.773332,0.989333,595,8.18142,3463.44,1.39,0.995918,0.784874,1.0,0.989333
TRINITY_DN52_c0_g1_i1,670,0.486567,95,0,0.981132,1.0,0.990566,0.911632,0.938013,670,52.9992,19924.6,7.99,0.990566,1.0,0.981132,0.938013
TRINITY_DN23_c0_g1_i1,233,0.527897,77,0,0,0.648069,1,0.01,0.996743,233,0.0,0.0,0.0,1,0.648069,0,0.996743
TRINITY_DN73_c0_g1_i1,383,0.543081,127,0,0,0.0,1,0.01,0.997424,383,0.0,0.0,0.0,1,0.0,0,0.997424
TRINITY_DN41_c0_g1_i1,203,0.423645,67,0,0,0.881773,1,0.01,0.997194,203,1.0,1240.79,0.5,1,0.881773,0,0.997194
TRINITY_DN7_c0_g1_i1,305,0.544262,100,0,0.8,1.0,0.91746,0.548964,0.74794,305,5.0,4129.2,1.66,0.91746,1.0,0.8,0.74794
TRINITY_DN8_c0_g1_i1,480,0.50625,63,0,1.0,0.81875,0.983333,0.795559,0.988145,480,7.39421,3880.13,1.56,0.983333,0.81875,1.0,0.988145
TRINITY_DN6_c0_g1_i1,358,0.541899,119,0,0,0.488827,1,0.01,0.997313,358,0.0,0.0,0.0,1,0.488827,0,0.997313
TRINITY_DN44_c0_g1_i1,217,0.612903,72,0,1.0,1.0,1,0.97066,0.97066,217,3.0,3482.23,1.4,1,1.0,1.0,0.97066
TRINITY_DN61_c0_g1_i1,530,0.583019,60,0,1.0,0.781132,0.998214,0.729825,0.935989,530,6.08955,2894.04,1.16,0.998214,0.781132,1.0,0.935989
TRINITY_DN72_c0_g1_i1,266,0.37218,88,0,0,0.669173,1,0.01,0.997194,266,0.0,0.0,0.0,1,0.669173,0,0.997194
TRINITY_DN85_c0_g1_i1,250,0.54,83,0,0.666667,1.0,0.994286,0.504053,0.760425,250,3.0,3022.57,1.21,0.994286,1.0,0.666667,0.760425
TRINITY_DN47_c0_g1_i1,349,0.495702,55,0,1.0,0.91404,1,0.910918,0.996584,349,0.0,0.0,0.0,1,0.91404,1.0,0.996584
TRINITY_DN12_c0_g1_i1,723,0.475795,240,0,1.0,1.0,0.978571,0.942315,0.96295,723,13.8467,4823.94,1.93,0.978571,1.0,1.0,0.96295
TRINITY_DN75_c0_g1_i1,220,0.354545,26,0,0.666667,1.0,0.994286,0.653179,0.985399,220,3.0,3434.74,1.38,0.994286,1.0,0.666667,0.985399
TRINITY_DN37_c0_g1_i1,344,0.343023,40,0,1.0,1.0,1,0.893071,0.893071,344,5.0,3661.06,1.47,1,1.0,1.0,0.893071
TRINITY_DN22_c0_g1_i1,286,0.531469,94,0,0.666667,1.0,0.994286,0.655812,0.989372,286,3.08169,2714.06,1.09,0.994286,1.0,0.666667,0.989372
TRINITY_DN90_c0_g1_i1,212,0.396226,44,0,0,0.853774,1,0.01,0.997194,212,0.0,0.0,0.0,1,0.853774,0,0.997194
TRINITY_DN67_c0_g1_i1,279,0.444444,92,0,0.75,1.0,1,0.5682,0.7576,279,4.0,3611.2,1.45,1,1.0,0.75,0.7576
TRINITY_DN15_c0_g1_i1,743,0.527591,231,0,1.0,0.804845,0.983333,0.78564,0.992683,743,5.69121,1929.35,0.77,0.983333,0.804845,1.0,0.992683
TRINITY_DN38_c0_g1_i1,555,0.38018,33,0,1.0,1.0,0.994643,0.941302,0.946372,555,16.0,7261.44,2.91,0.994643,1.0,1.0,0.946372
TRINITY_DN56_c0_g1_i1,215,0.465116,71,0,1.0,1.0,0.995238,0.983332,0.988037,215,3.0,3514.62,1.41,0.995238,1.0,1.0,0.988037
TRINITY_DN96_c0_g1_i1,548,0.487226,182,0,0.857143,0.94708,0.997802,0.804216,0.992861,548,6.13433,2819.56,1.13,0.997802,0.94708,0.857143,0.992861
TRINITY_DN79_c0_g1_i1,228,0.52193,76,0,0,0.0,1,0.01,0.997424,228,0.0,0.0,0.0,1,0.0,0,0.997424
TRINITY_DN81_c0_g1_i1,238,0.529412,79,0,1.0,0.89916,1,0.673213,0.748714,238,4.0,4233.3,1.7,1,0.89916,1.0,0.748714
TRINITY_DN69_c0_g1_i1,263,0.471483,28,0,1.0,0.912548,0.995238,0.88355,0.972856,263,1.28831,1233.84,0.49,0.995238,0.912548,1.0,0.972856
TRINITY_DN80_c0_g1_i1,375,0.477333,125,0,0,0.474667,1,0.01,0.997424,375,2.15334,1446.36,0.58,1,0.474667,0,0.997424
TRINITY_DN97_c0_g1_i1,291,0.398625,41,0,1.0,0.75945,0.990476,0.74354,0.988465,291,3.51655,3043.83,1.22,0.990476,0.75945,1.0,0.988465
TRINITY_DN50_c0_g1_i1,591,0.51269,196,0,0,0.0,1,0.01,0.997424,591,0.000407,0.173458,0.0,1,0.0,0,0.997424
TRINITY_DN77_c0_g1_i1,299,0.421405,34,0,0,0.61204,0.985714,0.01,0.997314,299,0.0,0.0,0.0,0.985714,0.61204,0,0.997314
TRINITY_DN59_c0_g1_i1,213,0.530516,70,0,0.666667,1.0,1,0.660594,0.990891,213,3.0,3547.62,1.42,1,1.0,0.666667,0.990891
TRINITY_DN28_c0_g1_i1,233,0.369099,23,0,0,0.866953,1,0.01,0.997424,233,2.03787,2203.01,0.88,1,0.866953,0,0.997424
TRINITY_DN53_c0_g1_i1,236,0.381356,78,0,1.0,1.0,0.990476,0.836949,0.844997,236,3.0,3201.88,1.28,0.990476,1.0,1.0,0.844997
TRINITY_DN40_c0_g1_i1,500,0.444,39,0,1.0,1.0,0.997619,0.985079,0.98743,500,5.66038,2851.48,1.14,0.997619,1.0,1.0,0.98743
TRINITY_DN42_c0_g1_i1,267,0.344569,22,0,0,0.0,1,0.01,0.997424,267,0.0,0.0,0.0,1,0.0,0,0.997424
TRINITY_DN58_c0_g1_i1,320,0.4375,106,0,0.666667,0.80625,0.88,0.463276,0.979441,320,3.43868,2706.68,1.09,0.88,0.80625,0.666667,0.979441
TRINITY_DN95_c0_g1_i1,825,0.489697,155,0,0,0.227879,0.985714,0.01,0.997424,825,0.0,0.0,0.0,0.985714,0.227879,0,0.997424
TRINITY_DN46_c0_g1_i1,341,0.466276,113,0,1.0,0.806452,0.992857,0.797333,0.995806,341,2.5,1846.64,0.74,0.992857,0.806452,1.0,0.995806
TRINITY_DN35_c0_g1_i1,202,0.410891,67,0,0.666667,1.0,1,0.634993,0.952489,202,3.0,3740.81,1.5,1,1.0,0.666667,0.952489
TRINITY_DN98_c0_g1_i1,301,0.651163,99,0,1.0,1.0,0.998214,0.892186,0.893782,301,8.0,6694.52,2.68,0.998214,1.0,1.0,0.893782
TRINITY_DN18_c0_g1_i2,501,0.52495,126,0,1.0,0.764471,0.982143,0.727747,0.96927,501,4.38177,2202.96,0.88,0.982143,0.764471,1.0,0.96927
TRINITY_DN31_c0_g1_i1,370,0.47027,75,0,1.0,1.0,1,0.966772,0.966772,370,6.0,4084.56,1.64,1,1.0,1.0,0.966772
TRINITY_DN71_c0_g1_i1,218,0.454128,72,0,0,0.857798,0.985714,0.01,0.997314,218,0.0,0.0,0.0,0.985714,0.857798,0,0.997314
TRINITY_DN29_c0_g1_i1,716,0.523743,171,0,1.0,1.0,0.987108,0.912496,0.924414,716,40.99,14419.8,5.78,0.987108,1.0,1.0,0.924414
TRINITY_DN27_c0_g1_i1,485,0.494845,161,0,0.555556,1.0,0.979592,0.531237,0.976148,485,9.0,4674.08,1.87,0.979592,1.0,0.555556,0.976148
TRINITY_DN16_c0_g1_i1,1580,0.51962,484,0,1.0,1.0,0.988235,0.930116,0.941189,1580,53.8195,8579.82,3.44,0.988235,1.0,1.0,0.941189
TRINITY_DN88_c0_g1_i1,239,0.376569,55,0,1.0,1.0,1,0.94163,0.94163,239,3.0,3161.69,1.27,1,1.0,1.0,0.94163
TRINITY_DN70_c0_g1_i1,309,0.375405,103,0,1.0,0.618123,1,0.420054,0.679563,309,0.0,0.0,0.0,1,0.618123,1.0,0.679563
TRINITY_DN94_c0_g1_i1,251,0.649402,83,0,1.0,0.936255,1,0.911088,0.97312,251,4.06113,4075.39,1.63,1,0.936255,1.0,0.97312
TRINITY_DN13_c0_g1_i1,933,0.674169,310,0,1.0,0.983923,0.9725,0.83869,0.876498,933,45.5331,12292.5,4.93,0.9725,0.983923,1.0,0.876498
TRINITY_DN13_c0_g2_i1,933,0.674169,310,0,1.0,1.0,0.984286,0.793165,0.805828,933,45.4669,12274.7,4.92,0.984286,1.0,1.0,0.805828
TRINITY_DN74_c0_g1_i1,310,0.477419,103,0,0.75,1.0,1,0.731954,0.975939,310,4.0,3250.08,1.3,1,1.0,0.75,0.975939
TRINITY_DN65_c0_g1_i1,286,0.433566,56,0,0,0.660839,0.914286,0.01,0.997424,286,1.23333,1086.2,0.44,0.914286,0.660839,0,0.997424
TRINITY_DN68_c0_g1_i1,312,0.503205,88,0,1.0,1.0,1,0.95264,0.95264,312,6.0,4843.87,1.94,1,1.0,1.0,0.95264
TRINITY_DN14_c1_g1_i1,2116,0.420605,615,0,1.0,0.960302,0.98882,0.900346,0.948165,2116,124.025,14763.5,5.92,0.98882,0.960302,1.0,0.948165
TRINITY_DN14_c0_g1_i1,2121,0.421971,615,0,0.997275,1.0,0.991631,0.833738,0.843072,2121,370.975,44055.4,17.67,0.991631,1.0,0.997275,0.843072
TRINITY_DN10_c0_g1_i1,795,0.501887,238,0,1.0,1.0,0.994505,0.932416,0.937568,795,13.0328,4129.2,1.66,0.994505,1.0,1.0,0.937568
TRINITY_DN60_c0_g1_i1,212,0.419811,70,0,1.0,1.0,0.989286,0.795387,0.804001,212,4.0,4752.47,1.91,0.989286,1.0,1.0,0.804001
TRINITY_DN45_c0_g1_i1,228,0.434211,76,0,0.666667,1.0,1,0.530767,0.796151,228,3.0,3314.23,1.33,1,1.0,0.666667,0.796151
TRINITY_DN99_c0_g1_i1,525,0.466667,155,0,0.923077,0.975238,0.956571,0.842105,0.977914,525,12.197,5851.78,2.35,0.956571,0.975238,0.923077,0.977914
TRINITY_DN34_c0_g1_i1,202,0.420792,67,0,1.0,1.0,1,0.98685,0.98685,202,2.0,2493.87,1.0,1,1.0,1.0,0.98685
TRINITY_DN55_c0_g1_i1,341,0.466276,113,0,1.0,0.994135,0.980952,0.966255,0.990829,341,2.5,1846.64,0.74,0.980952,0.994135,1.0,0.990829
TRINITY_DN39_c0_g1_i1,282,0.570922,58,0,1.0,1.0,0.97619,0.964995,0.988532,282,3.5588,3178.7,1.27,0.97619,1.0,1.0,0.988532
TRINITY_DN19_c0_g1_i1,455,0.534066,89,0,1.0,0.947253,1,0.941137,0.993544,455,5.39769,2988.08,1.2,1,0.947253,1.0,0.993544
TRINITY_DN87_c0_g1_i1,211,0.393365,70,0,1.0,1.0,1,0.93154,0.93154,211,3.0,3581.25,1.44,1,1.0,1.0,0.93154
TRINITY_DN66_c0_g1_i1,379,0.490765,126,0,1.0,1.0,1,0.973158,0.973158,379,4.0,2658.38,1.07,1,1.0,1.0,0.973158
TRINITY_DN33_c0_g1_i1,427,0.374707,56,0,1.0,1.0,1,0.970405,0.970405,427,6.0,3539.31,1.42,1,1.0,1.0,0.970405
TRINITY_DN76_c0_g1_i1,371,0.377358,123,0,1.0,0.625337,1,0.622682,0.995754,371,5.0,3394.62,1.36,1,0.625337,1.0,0.995754
TRINITY_DN17_c0_g1_i1,350,0.562857,116,1,0.0,0.574286,0.8,0.01,0.997424,350,3.7017,2663.97,1.07,0.8,0.574286,0.0,0.997424
TRINITY_DN17_c0_g1_i3,436,0.53211,116,4,0.285714,0.805046,0.930612,0.210908,0.985309,436,9.91653,5728.87,2.3,0.930612,0.805046,0.285714,0.985309
TRINITY_DN24_c0_g1_i1,315,0.35873,105,0,1.0,0.939683,1,0.923146,0.982402,315,3.29412,2634.05,1.06,1,0.939683,1.0,0.982402
TRINITY_DN64_c0_g1_i1,389,0.365039,43,0,1.0,1.0,0.980952,0.945489,0.963848,389,5.99999,3885.05,1.56,0.980952,1.0,1.0,0.963848
TRINITY_DN20_c0_g1_i1,359,0.495822,55,0,1.0,0.89415,0.995238,0.882705,0.991923,359,5.0,3508.09,1.41,0.995238,0.89415,1.0,0.991923
TRINITY_DN30_c0_g1_i1,757,0.486129,85,0,0,0.0,1,0.01,0.997424,757,0.0,6.0e-06,0.0,1,0.0,0,0.997424
